Type,Name,Request Count,Failure Count,Median Response Time,Average Response Time,Min Response Time,Max Response Time,Average Content Size,Requests/s,Failures/s,50%,66%,75%,80%,90%,95%,98%,99%,99.9%,99.99%,100%
GET,/numericalintegralservice/0/3.14/numericalintegralservice/0/3.14159,37,37,1.316704000601021,1.5063431891994206,1.316704000601021,2.5684089996502735,0.0,0.20758413148797605,0.20758413148797605,1,1,2,2,2,2,3,3,3,3,3
GET,/numericalintegralservice/0/3.14/numericalintegralservice/0/3.14159/details,54,54,1.3487039996107342,1.5411089075314521,1.3487039996107342,5.254916000012599,0.0,0.3029606243338029,0.3029606243338029,1,1,2,2,2,2,2,5,5,5,5
,Aggregated,91,91,1.316704000601021,1.5269733956821645,1.316704000601021,5.254916000012599,0.0,0.5105447558217789,0.5105447558217789,1,1,2,2,2,2,3,5,5,5,5
